id,user_id,start_time,start_position,x,y,z,date,time
760,0,17:21:41.312,JDDoor11,-3.6272156,-9.67018,0.45250413,2017-04-26,17:21:41.647
763,0,17:21:41.312,JDDoor11,-3.5218706,-8.288726,0.5674258,2017-04-26,17:21:41.695
765,0,17:21:41.312,JDDoor11,-4.050989,-9.931149,0.3854665,2017-04-26,17:21:41.756
767,0,17:21:41.312,JDDoor11,-4.144363,-8.796297,0.24181437,2017-04-26,17:21:41.809
766,0,17:21:41.312,JDDoor11,-3.7301662,-9.150639,0.6392518,2017-04-26,17:21:41.871
759,0,17:21:41.312,JDDoor11,-3.6176388,-8.674192,2.3463178,2017-04-26,17:21:41.94
762,0,17:21:41.312,JDDoor11,-7.386112,-13.22557,6.6965823,2017-04-26,17:21:42.003
761,0,17:21:41.312,JDDoor11,-11.437101,-5.896919,0.50757074,2017-04-26,17:21:42.056
758,0,17:21:41.312,JDDoor11,-8.578424,-9.124303,3.6367924,2017-04-26,17:21:42.121
778,0,17:21:41.312,JDDoor11,-3.6128504,-9.100361,2.2361844,2017-04-26,17:21:42.184
768,0,17:21:41.312,JDDoor11,1.091756,-7.4148426,5.8346696,2017-04-26,17:21:42.251
770,0,17:21:41.312,JDDoor11,-0.47644615,-2.873042,6.933608,2017-04-26,17:21:42.301
779,0,17:21:41.312,JDDoor11,2.566584,-1.1779473,8.798691,2017-04-26,17:21:42.372
776,0,17:21:41.312,JDDoor11,9.76116,-5.4659624,16.457743,2017-04-26,17:21:42.42
772,0,17:21:41.312,JDDoor11,2.3774424,-1.2593501,5.619191,2017-04-26,17:21:42.485
771,0,17:21:41.312,JDDoor11,-3.1364043,6.7971387,12.631808,2017-04-26,17:21:42.547
775,0,17:21:41.312,JDDoor11,1.055843,-3.4476504,8.169016,2017-04-26,17:21:42.611
783,0,17:21:41.312,JDDoor11,0.8690952,-3.0765493,10.9582615,2017-04-26,17:21:42.677
782,0,17:21:41.312,JDDoor11,0.93373865,-2.4947581,9.840169,2017-04-26,17:21:42.755
785,0,17:21:41.312,JDDoor11,0.35673606,-2.6408045,10.374076,2017-04-26,17:21:42.793
793,0,17:21:41.312,JDDoor11,-1.1683705,-1.2617443,10.359711,2017-04-26,17:21:42.844
802,0,17:21:41.312,JDDoor11,-2.0566192,-1.0965444,11.283873,2017-04-26,17:21:42.892
789,0,17:21:41.312,JDDoor11,-1.7812861,-2.2529438,10.172963,2017-04-26,17:21:42.975
792,0,17:21:41.312,JDDoor11,-2.8898015,-1.436521,9.653421,2017-04-26,17:21:43.068
797,0,17:21:41.312,JDDoor11,-0.6368576,-1.1180922,9.548077,2017-04-26,17:21:43.117
787,0,17:21:41.312,JDDoor11,-1.8938135,-1.9129672,10.218452,2017-04-26,17:21:43.15
799,0,17:21:41.312,JDDoor11,-3.6822822,-0.48123455,8.236053,2017-04-26,17:21:43.209
791,0,17:21:41.312,JDDoor11,-6.0884547,0.46447513,8.930372,2017-04-26,17:21:43.249
786,0,17:21:41.312,JDDoor11,-4.620809,-0.61291564,9.950302,2017-04-26,17:21:43.297
798,0,17:21:41.312,JDDoor11,-4.1395745,-2.5306711,10.642226,2017-04-26,17:21:43.345
764,0,17:21:41.312,JDDoor11,-0.5291186,-2.3415294,8.224083,2017-04-26,17:21:43.444
803,0,17:21:41.312,JDDoor11,2.2529438,-3.241749,8.75799,2017-04-26,17:21:43.484
769,0,17:21:41.312,JDDoor11,2.597709,-11.061212,0.2896984,2017-04-26,17:21:43.537
773,0,17:21:41.312,JDDoor11,-0.260968,-9.260772,-3.9312792,2017-04-26,17:21:43.585
774,0,17:21:41.312,JDDoor11,-2.1547816,-11.954249,-1.7980455,2017-04-26,17:21:43.649
777,0,17:21:41.312,JDDoor11,-4.7524905,-7.656657,-0.4357447,2017-04-26,17:21:43.699
780,0,17:21:41.312,JDDoor11,-5.8586116,-7.120356,0.4429273,2017-04-26,17:21:43.765
781,0,17:21:41.312,JDDoor11,-2.6671407,-17.233463,1.4508862,2017-04-26,17:21:43.815
784,0,17:21:41.312,JDDoor11,1.5825673,-17.896658,-1.4867992,2017-04-26,17:21:43.878
788,0,17:21:41.312,JDDoor11,2.8658595,-13.706804,-2.5785553,2017-04-26,17:21:43.932
790,0,17:21:41.312,JDDoor11,-3.3662477,-4.220978,6.6893997,2017-04-26,17:21:43.999
794,0,17:21:41.312,JDDoor11,12.047623,-10.572795,-3.3806129,2017-04-26,17:21:44.08
795,0,17:21:41.312,JDDoor11,17.774553,-5.7029886,-6.742072,2017-04-26,17:21:44.121
796,0,17:21:41.312,JDDoor11,14.525621,3.0597897,-3.4524388,2017-04-26,17:21:44.171
800,0,17:21:41.312,JDDoor11,9.9790325,4.3119574,-0.093373865,2017-04-26,17:21:44.221
801,0,17:21:41.312,JDDoor11,8.403648,0.35434186,0.2705448,2017-04-26,17:21:44.272
804,0,17:21:41.312,JDDoor11,11.125855,-1.6783354,-1.7405846,2017-04-26,17:21:44.347
805,0,17:21:41.312,JDDoor11,9.7324295,-4.6136265,-0.4213795,2017-04-26,17:21:44.412
806,0,17:21:41.312,JDDoor11,8.995016,-3.881001,-0.08379706,2017-04-26,17:21:44.567
807,0,17:21:41.312,JDDoor11,6.799533,-5.1810527,1.7046716,2017-04-26,17:21:44.666
808,0,17:21:41.312,JDDoor11,3.976769,-6.1243677,1.8004397,2017-04-26,17:21:44.703
809,0,17:21:41.312,JDDoor11,4.146757,-4.3239284,2.731784,2017-04-26,17:21:44.74
810,0,17:21:41.312,JDDoor11,5.659893,-2.6120741,2.480393,2017-04-26,17:21:44.775
811,0,17:21:41.312,JDDoor11,8.860941,0.37588966,1.8602947,2017-04-26,17:21:44.84
812,0,17:21:41.312,JDDoor11,12.761095,2.9640217,1.4915876,2017-04-26,17:21:44.869
813,0,17:21:41.312,JDDoor11,11.465832,2.980781,3.083732,2017-04-26,17:21:44.933
814,0,17:21:41.312,JDDoor11,15.59583,2.2888567,2.8921957,2017-04-26,17:21:44.97
815,0,17:21:41.312,JDDoor11,14.250289,4.673482,1.721431,2017-04-26,17:21:45.019
816,0,17:21:41.312,JDDoor11,12.98615,3.667917,3.110068,2017-04-26,17:21:45.07
817,0,17:21:41.312,JDDoor11,13.065159,1.7549498,2.8203697,2017-04-26,17:21:45.133
818,0,17:21:41.312,JDDoor11,13.273455,0.7685388,3.1531637,2017-04-26,17:21:45.183
819,0,17:21:41.312,JDDoor11,11.944673,-0.49799395,4.3478703,2017-04-26,17:21:45.241
820,0,17:21:41.312,JDDoor11,6.691794,0.28491,1.7956513,2017-04-26,17:21:45.301
821,0,17:21:41.312,JDDoor11,4.6255975,-0.81642276,0.7182605,2017-04-26,17:21:45.352
822,0,17:21:41.312,JDDoor11,7.7332716,4.8985367,-3.940856,2017-04-26,17:21:45.418
823,0,17:21:41.312,JDDoor11,8.523358,1.283292,5.1930237,2017-04-26,17:21:45.513
824,0,17:21:41.312,JDDoor11,16.2686,4.2042184,-1.6998832,2017-04-26,17:21:45.597
825,0,17:21:41.312,JDDoor11,16.881516,0.8475474,3.3686419,2017-04-26,17:21:45.626
826,0,17:21:41.312,JDDoor11,17.78413,2.5570073,3.620033,2017-04-26,17:21:45.687
827,0,17:21:41.312,JDDoor11,15.519216,1.2042835,3.265691,2017-04-26,17:21:45.726
828,0,17:21:41.312,JDDoor11,11.733982,-0.25617957,2.0231004,2017-04-26,17:21:45.774
829,0,17:21:41.312,JDDoor11,5.6766524,2.3127987,1.9967642,2017-04-26,17:21:45.826
830,0,17:21:41.312,JDDoor11,4.9440265,-0.15083471,2.2936451,2017-04-26,17:21:45.893
831,0,17:21:41.312,JDDoor11,5.9807158,-1.1133038,2.1739352,2017-04-26,17:21:45.972
832,0,17:21:41.312,JDDoor11,6.519411,-1.3120226,2.0159178,2017-04-26,17:21:46.11
833,0,17:21:41.312,JDDoor11,1.2689269,-1.4580688,3.8402996,2017-04-26,17:21:46.179
834,0,17:21:41.312,JDDoor11,-1.1540052,-3.1148565,4.0294414,2017-04-26,17:21:46.231
835,0,17:21:41.312,JDDoor11,10.809821,-4.050989,-1.1947067,2017-04-26,17:21:46.282
836,0,17:21:41.312,JDDoor11,16.455349,-5.133168,-1.3742718,2017-04-26,17:21:46.335
837,0,17:21:41.312,JDDoor11,14.810532,-4.331111,-2.2984335,2017-04-26,17:21:46.364
838,0,17:21:41.312,JDDoor11,8.738836,-3.1172507,0.14604631,2017-04-26,17:21:46.426
839,0,17:21:41.312,JDDoor11,7.503428,-2.147599,0.770933,2017-04-26,17:21:46.467
840,0,17:21:41.312,JDDoor11,5.085284,-1.5490485,1.0247183,2017-04-26,17:21:46.52
841,0,17:21:41.312,JDDoor11,6.191406,-1.0965444,1.8291701,2017-04-26,17:21:46.566
842,0,17:21:41.312,JDDoor11,8.520964,-0.7374141,2.0805612,2017-04-26,17:21:46.618
843,0,17:21:41.312,JDDoor11,13.917495,0.23942018,0.17717093,2017-04-26,17:21:46.685
844,0,17:21:41.312,JDDoor11,14.585477,-1.2234371,2.908955,2017-04-26,17:21:46.734
845,0,17:21:41.312,JDDoor11,14.279019,-1.1899183,2.5594015,2017-04-26,17:21:46.786
846,0,17:21:41.312,JDDoor11,9.667787,-2.2361844,2.6862943,2017-04-26,17:21:46.85
847,0,17:21:41.312,JDDoor11,6.1243677,-3.289633,2.7389667,2017-04-26,17:21:46.921
848,0,17:21:41.312,JDDoor11,7.40766,-4.3502645,2.2864625,2017-04-26,17:21:46.981
849,0,17:21:41.312,JDDoor11,7.6231384,-5.1020436,1.9608512,2017-04-26,17:21:47.044
850,0,17:21:41.312,JDDoor11,8.765172,-5.90889,2.267309,2017-04-26,17:21:47.12
851,0,17:21:41.312,JDDoor11,10.3453455,-6.6367273,2.0566192,2017-04-26,17:21:47.161
852,0,17:21:41.312,JDDoor11,11.257536,-5.705383,3.0334535,2017-04-26,17:21:47.211
853,0,17:21:41.312,JDDoor11,10.888829,-5.8346696,3.0190883,2017-04-26,17:21:47.259
854,0,17:21:41.312,JDDoor11,13.144167,-5.142745,1.9273324,2017-04-26,17:21:47.322
855,0,17:21:41.312,JDDoor11,10.840945,-4.0174704,1.8602947,2017-04-26,17:21:47.371
856,0,17:21:41.312,JDDoor11,9.607931,-3.3399115,1.7118542,2017-04-26,17:21:47.43
857,0,17:21:41.312,JDDoor11,9.509769,-2.873042,1.5035586,2017-04-26,17:21:47.484
858,0,17:21:41.312,JDDoor11,9.416395,-2.4827871,1.3359646,2017-04-26,17:21:47.544
859,0,17:21:41.312,JDDoor11,8.944737,-1.7980455,0.8451532,2017-04-26,17:21:47.596
860,0,17:21:41.312,JDDoor11,8.147469,-1.5562311,1.13964,2017-04-26,17:21:47.659
861,0,17:21:41.312,JDDoor11,9.272743,-0.7015011,1.4173675,2017-04-26,17:21:47.723
862,0,17:21:41.312,JDDoor11,9.406818,-1.7812861,2.408567,2017-04-26,17:21:47.773
863,0,17:21:41.312,JDDoor11,10.232818,-1.9297266,2.348712,2017-04-26,17:21:47.824
864,0,17:21:41.312,JDDoor11,14.791378,-3.3734303,3.1890767,2017-04-26,17:21:47.888
865,0,17:21:41.312,JDDoor11,13.318944,-4.098873,3.502717,2017-04-26,17:21:48.022
866,0,17:21:41.312,JDDoor11,10.534488,-4.4244847,2.815581,2017-04-26,17:21:48.116
867,0,17:21:41.312,JDDoor11,10.019734,-4.8578353,3.086126,2017-04-26,17:21:48.201
868,0,17:21:41.312,JDDoor11,9.473856,-4.924873,2.9257145,2017-04-26,17:21:48.274
869,0,17:21:41.312,JDDoor11,8.307879,-5.461174,3.13401,2017-04-26,17:21:48.347
870,0,17:21:41.312,JDDoor11,9.169792,-6.2009826,2.9759927,2017-04-26,17:21:48.38
871,0,17:21:41.312,JDDoor11,11.257536,-7.299921,3.3159695,2017-04-26,17:21:48.443
872,0,17:21:41.312,JDDoor11,9.224859,-5.118803,2.815581,2017-04-26,17:21:48.481
873,0,17:21:41.312,JDDoor11,15.131354,-4.642357,1.2641385,2017-04-26,17:21:48.517
874,0,17:21:41.312,JDDoor11,13.781025,-3.0550013,1.2186487,2017-04-26,17:21:48.565
875,0,17:21:41.312,JDDoor11,10.972627,-2.7341783,1.2497733,2017-04-26,17:21:48.594
876,0,17:21:41.312,JDDoor11,9.653421,-2.932897,1.7070658,2017-04-26,17:21:48.656
877,0,17:21:41.312,JDDoor11,9.028535,-1.9656396,1.4173675,2017-04-26,17:21:48.693
878,0,17:21:41.312,JDDoor11,7.3047094,-0.24420857,1.460463,2017-04-26,17:21:48.743
879,0,17:21:41.312,JDDoor11,6.88333,-0.62009823,1.9369092,2017-04-26,17:21:48.796
880,0,17:21:41.312,JDDoor11,11.068395,-1.9488802,2.0350714,2017-04-26,17:21:48.861
881,0,17:21:41.312,JDDoor11,8.564059,-2.6288335,2.72939,2017-04-26,17:21:48.911
882,0,17:21:41.312,JDDoor11,12.768278,-3.904943,3.8307228,2017-04-26,17:21:48.964
883,0,17:21:41.312,JDDoor11,12.943054,-4.003105,2.944868,2017-04-26,17:21:49.028
884,0,17:21:41.312,JDDoor11,9.911995,-3.5314474,3.1435869,2017-04-26,17:21:49.095
885,0,17:21:41.312,JDDoor11,10.036493,-4.4819455,3.3925838,2017-04-26,17:21:49.156
886,0,17:21:41.312,JDDoor11,9.3421755,-4.51307,3.3494883,2017-04-26,17:21:49.209
887,0,17:21:41.312,JDDoor11,8.75799,-5.317522,3.6822822,2017-04-26,17:21:49.258
888,0,17:21:41.312,JDDoor11,10.170568,-6.0621185,3.5242648,2017-04-26,17:21:49.308
889,0,17:21:41.312,JDDoor11,12.785037,-7.156269,3.8977604,2017-04-26,17:21:49.376
890,0,17:21:41.312,JDDoor11,8.640674,-5.0493712,3.2920272,2017-04-26,17:21:49.44
891,0,17:21:41.312,JDDoor11,9.998186,-5.6766524,4.1012673,2017-04-26,17:21:49.497
892,0,17:21:41.312,JDDoor11,13.333309,-4.2281604,1.6759412,2017-04-26,17:21:49.546
893,0,17:21:41.312,JDDoor11,12.109872,-2.8514943,1.496376,2017-04-26,17:21:49.606
894,0,17:21:41.312,JDDoor11,10.354922,-2.5474305,1.1683705,2017-04-26,17:21:49.658
895,0,17:21:41.312,JDDoor11,9.241618,-2.8443117,1.6424223,2017-04-26,17:21:49.721
896,0,17:21:41.312,JDDoor11,9.411607,-2.1404164,1.0965444,2017-04-26,17:21:49.783
897,0,17:21:41.312,JDDoor11,9.41879,-1.388637,1.2737153,2017-04-26,17:21:49.833
898,0,17:21:41.312,JDDoor11,8.1402855,-1.1755531,1.6352397,2017-04-26,17:21:49.883
900,0,17:21:41.312,JDDoor11,9.825804,-1.5634137,2.2385786,2017-04-26,17:21:49.945
899,0,17:21:41.312,JDDoor11,7.8146744,-2.0015526,2.966416,2017-04-26,17:21:49.992
901,0,17:21:41.312,JDDoor11,10.807426,-2.9041667,3.6870706,2017-04-26,17:21:50.057
902,0,17:21:41.312,JDDoor11,12.045229,-3.5984852,3.7684734,2017-04-26,17:21:50.106
903,0,17:21:41.312,JDDoor11,9.813833,-3.25372,3.1771057,2017-04-26,17:21:50.17
904,0,17:21:41.312,JDDoor11,10.228029,-4.7381253,2.846706,2017-04-26,17:21:50.232
905,0,17:21:41.312,JDDoor11,9.660604,-5.755661,3.3446999,2017-04-26,17:21:50.323
906,0,17:21:41.312,JDDoor11,9.892841,-6.615179,3.667917,2017-04-26,17:21:50.386
907,0,17:21:41.312,JDDoor11,10.891224,-7.00304,3.2585084,2017-04-26,17:21:50.445
908,0,17:21:41.312,JDDoor11,10.94629,-5.377377,2.908955,2017-04-26,17:21:50.55
909,0,17:21:41.312,JDDoor11,7.079654,-5.2624555,3.9312792,2017-04-26,17:21:50.605
910,0,17:21:41.312,JDDoor11,10.491392,-5.5018754,3.1124623,2017-04-26,17:21:50.658
911,0,17:21:41.312,JDDoor11,11.415554,-2.6982653,1.091756,2017-04-26,17:21:50.705
912,0,17:21:41.312,JDDoor11,10.060435,-2.6048915,1.3144168,2017-04-26,17:21:50.762
913,0,17:21:41.312,JDDoor11,9.440337,-2.6551697,1.2761095,2017-04-26,17:21:50.824
914,0,17:21:41.312,JDDoor11,10.093954,-2.3127987,1.2234371,2017-04-26,17:21:50.915
915,0,17:21:41.312,JDDoor11,10.000581,-1.7190368,0.9504981,2017-04-26,17:21:50.963
916,0,17:21:41.312,JDDoor11,9.763555,-1.1324574,1.3838485,2017-04-26,17:21:50.992
917,0,17:21:41.312,JDDoor11,7.666234,-2.1092918,2.5354595,2017-04-26,17:21:51.052
918,0,17:21:41.312,JDDoor11,7.81228,-2.3008277,3.53863,2017-04-26,17:21:51.089
919,0,17:21:41.312,JDDoor11,11.154586,-3.1316159,4.187459,2017-04-26,17:21:51.14
920,0,17:21:41.312,JDDoor11,9.816227,-2.7844565,3.8283286,2017-04-26,17:21:51.201
921,0,17:21:41.312,JDDoor11,10.110714,-3.5458126,3.406949,2017-04-26,17:21:51.272
922,0,17:21:41.312,JDDoor11,10.582372,-4.747702,4.1299977,2017-04-26,17:21:51.349
923,0,17:21:41.312,JDDoor11,8.995016,-4.548983,4.7022123,2017-04-26,17:21:51.386
924,0,17:21:41.312,JDDoor11,9.703699,-5.6646814,4.7285485,2017-04-26,17:21:51.437
925,0,17:21:41.312,JDDoor11,11.84651,-6.291962,4.4077253,2017-04-26,17:21:51.487
926,0,17:21:41.312,JDDoor11,12.2559185,-4.8698063,3.1483753,2017-04-26,17:21:51.537
927,0,17:21:41.312,JDDoor11,8.283937,-4.8099513,3.7493198,2017-04-26,17:21:51.607
928,0,17:21:41.312,JDDoor11,12.126632,-5.2480903,2.4612393,2017-04-26,17:21:51.655
929,0,17:21:41.312,JDDoor11,11.899182,-3.442862,0.78529817,2017-04-26,17:21:51.719
930,0,17:21:41.312,JDDoor11,9.651027,-2.5761611,1.2761095,2017-04-26,17:21:51.772
931,0,17:21:41.312,JDDoor11,9.308656,-2.822764,1.1468226,2017-04-26,17:21:51.835
932,0,17:21:41.312,JDDoor11,9.531317,-2.0925324,1.2880806,2017-04-26,17:21:51.927
933,0,17:21:41.312,JDDoor11,8.813056,-1.103727,1.1779473,2017-04-26,17:21:52
934,0,17:21:41.312,JDDoor11,7.455544,-0.17238252,1.376666,2017-04-26,17:21:52.107
935,0,17:21:41.312,JDDoor11,11.542446,-1.055843,1.5873557,2017-04-26,17:21:52.182
936,0,17:21:41.312,JDDoor11,11.556811,-2.5474305,2.2266076,2017-04-26,17:21:52.23
938,0,17:21:41.312,JDDoor11,11.822568,-3.7229836,4.3981485,2017-04-26,17:21:52.274
937,0,17:21:41.312,JDDoor11,12.425907,-3.53863,3.4021606,2017-04-26,17:21:52.294
939,0,17:21:41.312,JDDoor11,9.339781,-4.0294414,3.5745432,2017-04-26,17:21:52.349
940,0,17:21:41.312,JDDoor11,8.018182,-4.4364557,3.5314474,2017-04-26,17:21:52.391
941,0,17:21:41.312,JDDoor11,8.101978,-5.377377,3.9001546,2017-04-26,17:21:52.44
942,0,17:21:41.312,JDDoor11,7.477092,-6.363788,4.2640734,2017-04-26,17:21:52.489
943,0,17:21:41.312,JDDoor11,9.131485,-5.5976434,3.5889084,2017-04-26,17:21:52.552
944,0,17:21:41.312,JDDoor11,10.876859,-5.379771,3.3566709,2017-04-26,17:21:52.602
945,0,17:21:41.312,JDDoor11,12.337321,-4.76925,2.542642,2017-04-26,17:21:52.662
946,0,17:21:41.312,JDDoor11,9.275137,-4.5394063,3.3877954,2017-04-26,17:21:52.709
947,0,17:21:41.312,JDDoor11,12.739547,-4.3981485,2.6120741,2017-04-26,17:21:52.777
948,0,17:21:41.312,JDDoor11,13.019669,-2.6360161,0.20111294,2017-04-26,17:21:52.823
949,0,17:21:41.312,JDDoor11,8.7292595,-2.018312,0.78769237,2017-04-26,17:21:52.886
950,0,17:21:41.312,JDDoor11,7.03177,-2.4420857,1.1803415,2017-04-26,17:21:52.948
951,0,17:21:41.312,JDDoor11,6.787562,-2.5115175,1.2258313,2017-04-26,17:21:53.071
952,0,17:21:41.312,JDDoor11,7.967903,-1.673547,1.1061212,2017-04-26,17:21:53.12
953,0,17:21:41.312,JDDoor11,8.3629465,-1.3383588,0.8451532,2017-04-26,17:21:53.169
954,0,17:21:41.312,JDDoor11,11.626244,-1.5490485,1.3263878,2017-04-26,17:21:53.199
955,0,17:21:41.312,JDDoor11,10.381259,-3.6032736,3.6966474,2017-04-26,17:21:53.259
956,0,17:21:41.312,JDDoor11,10.462662,-3.7852328,4.853047,2017-04-26,17:21:53.299
957,0,17:21:41.312,JDDoor11,13.584701,-3.7421372,3.8259344,2017-04-26,17:21:53.346
958,0,17:21:41.312,JDDoor11,10.081984,-2.681506,3.775656,2017-04-26,17:21:53.4
959,0,17:21:41.312,JDDoor11,7.491457,-3.5338416,3.8163576,2017-04-26,17:21:53.465
960,0,17:21:41.312,JDDoor11,7.2783732,-4.31914,3.6248214,2017-04-26,17:21:53.515
961,0,17:21:41.312,JDDoor11,7.5321584,-5.1523223,3.7565024,2017-04-26,17:21:53.577
962,0,17:21:41.312,JDDoor11,8.259995,-5.827487,3.9695864,2017-04-26,17:21:53.63
963,0,17:21:41.312,JDDoor11,11.235989,-4.39336,3.2273839,2017-04-26,17:21:53.695
964,0,17:21:41.312,JDDoor11,14.295778,-4.3023806,2.9831753,2017-04-26,17:21:53.742
965,0,17:21:41.312,JDDoor11,10.125079,-3.7181952,2.8921957,2017-04-26,17:21:53.795
966,0,17:21:41.312,JDDoor11,10.2974615,-4.357447,3.2465374,2017-04-26,17:21:53.86
967,0,17:21:41.312,JDDoor11,12.660539,-3.2225955,1.0151415,2017-04-26,17:21:53.909
968,0,17:21:41.312,JDDoor11,10.840945,-2.432509,0.36631286,2017-04-26,17:21:53.958
969,0,17:21:41.312,JDDoor11,7.8888946,-2.3558946,0.81881696,2017-04-26,17:21:54.016
970,0,17:21:41.312,JDDoor11,6.967127,-2.5737667,1.0702082,2017-04-26,17:21:54.076
971,0,17:21:41.312,JDDoor11,7.156269,-2.0518308,0.7589619,2017-04-26,17:21:54.145
972,0,17:21:41.312,JDDoor11,8.346188,-1.7166426,1.0726024,2017-04-26,17:21:54.214
973,0,17:21:41.312,JDDoor11,9.773131,-1.5610195,1.7597382,2017-04-26,17:21:54.262
974,0,17:21:41.312,JDDoor11,13.18008,-2.8395233,2.822764,2017-04-26,17:21:54.33
975,0,17:21:41.312,JDDoor11,8.868123,-3.4404678,5.056554,2017-04-26,17:21:54.376
976,0,17:21:41.312,JDDoor11,10.584765,-3.4476504,5.3558292,2017-04-26,17:21:54.446
977,0,17:21:41.312,JDDoor11,11.489774,-2.3582888,3.7708676,2017-04-26,17:21:54.488
978,0,17:21:41.312,JDDoor11,8.190564,-2.966416,2.6120741,2017-04-26,17:21:54.562
979,0,17:21:41.312,JDDoor11,7.9583263,-3.9360676,2.7461493,2017-04-26,17:21:54.612
980,0,17:21:41.312,JDDoor11,7.9487495,-4.63278,2.3774424,2017-04-26,17:21:54.679
981,0,17:21:41.312,JDDoor11,7.9391727,-5.0397944,2.4037786,2017-04-26,17:21:54.727
982,0,17:21:41.312,JDDoor11,10.314221,-5.949591,2.5617957,2017-04-26,17:21:54.795
983,0,17:21:41.312,JDDoor11,12.636597,-5.6910176,3.1052797,2017-04-26,17:21:54.844
984,0,17:21:41.312,JDDoor11,10.2735195,-4.9655743,3.383007,2017-04-26,17:21:54.912
985,0,17:21:41.312,JDDoor11,9.052477,-4.6016555,4.259285,2017-04-26,17:21:54.961
986,0,17:21:41.312,JDDoor11,11.918336,-3.7062242,2.4636335,2017-04-26,17:21:55.024
987,0,17:21:41.312,JDDoor11,11.880029,-2.2720973,1.4939818,2017-04-26,17:21:55.086
988,0,17:21:41.312,JDDoor11,9.121908,-2.078167,1.2018893,2017-04-26,17:21:55.181
989,0,17:21:41.312,JDDoor11,7.929596,-2.5474305,1.4867992,2017-04-26,17:21:55.245
990,0,17:21:41.312,JDDoor11,8.027759,-2.2601264,1.3958195,2017-04-26,17:21:55.286
991,0,17:21:41.312,JDDoor11,8.645462,-1.2378023,1.0055647,2017-04-26,17:21:55.342
992,0,17:21:41.312,JDDoor11,8.762778,-1.4077905,1.5753847,2017-04-26,17:21:55.392
993,0,17:21:41.312,JDDoor11,11.494562,-2.5354595,2.3319526,2017-04-26,17:21:55.441
994,0,17:21:41.312,JDDoor11,9.564836,-2.765303,3.4763808,2017-04-26,17:21:55.592
995,0,17:21:41.312,JDDoor11,12.98615,-3.4476504,4.1826706,2017-04-26,17:21:55.708
997,0,17:21:41.312,JDDoor11,11.645397,-2.9759927,3.3279405,2017-04-26,17:21:55.855
996,0,17:21:41.312,JDDoor11,8.1881695,-3.347094,2.645593,2017-04-26,17:21:55.88
998,0,17:21:41.312,JDDoor11,8.47308,-3.8426938,2.4971523,2017-04-26,17:21:55.961
999,0,17:21:41.312,JDDoor11,7.9152308,-5.6670756,2.8395233,2017-04-26,17:21:55.985
1000,0,17:21:41.312,JDDoor11,8.207323,-6.172252,2.882619,2017-04-26,17:21:56.034
1001,0,17:21:41.312,JDDoor11,11.820174,-5.475539,2.942474,2017-04-26,17:21:56.058
1002,0,17:21:41.312,JDDoor11,9.32781,-4.4580035,3.1794999,2017-04-26,17:21:56.1
1003,0,17:21:41.312,JDDoor11,10.199299,-4.6351743,3.6056678,2017-04-26,17:21:56.131
1004,0,17:21:41.312,JDDoor11,12.26789,-3.608062,1.673547,2017-04-26,17:21:56.18
1005,0,17:21:41.312,JDDoor11,10.043676,-2.1906946,1.3862427,2017-04-26,17:21:56.228
1006,0,17:21:41.312,JDDoor11,8.305486,-2.2146366,1.2210429,2017-04-26,17:21:56.262
1007,0,17:21:41.312,JDDoor11,7.896077,-2.3056161,1.3694834,2017-04-26,17:21:56.322
1008,0,17:21:41.312,JDDoor11,7.9726915,-1.9488802,1.3359646,2017-04-26,17:21:56.366
1009,0,17:21:41.312,JDDoor11,9.157822,-1.3335704,1.4676456,2017-04-26,17:21:56.414
1010,0,17:21:41.312,JDDoor11,9.263166,-1.3718776,1.8315643,2017-04-26,17:21:56.463
1011,0,17:21:41.312,JDDoor11,12.579136,-1.8411411,2.078167,2017-04-26,17:21:56.53
1012,0,17:21:41.312,JDDoor11,8.724471,-2.8921957,3.7373488,2017-04-26,17:21:56.576
1013,0,17:21:41.312,JDDoor11,11.066,-2.9855695,4.19943,2017-04-26,17:21:56.629
1014,0,17:21:41.312,JDDoor11,12.263102,-2.8323407,3.3686419,2017-04-26,17:21:56.696
1015,0,17:21:41.312,JDDoor11,8.683769,-3.0885203,2.7605145,2017-04-26,17:21:56.747
1016,0,17:21:41.312,JDDoor11,8.200141,-4.0438066,2.657564,2017-04-26,17:21:56.796
1017,0,17:21:41.312,JDDoor11,8.1402855,-5.0254292,2.966416,2017-04-26,17:21:56.848
1018,0,17:21:41.312,JDDoor11,7.711724,-4.996699,3.074155,2017-04-26,17:21:56.915
1019,0,17:21:41.312,JDDoor11,9.306262,-4.8578353,3.3423057,2017-04-26,17:21:56.978
1020,0,17:21:41.312,JDDoor11,10.7116585,-4.594473,3.098097,2017-04-26,17:21:57.044
1021,0,17:21:41.312,JDDoor11,11.592725,-4.6662993,2.932897,2017-04-26,17:21:57.096
1022,0,17:21:41.312,JDDoor11,9.004593,-4.8865657,3.7134068,2017-04-26,17:21:57.163
1023,0,17:21:41.312,JDDoor11,13.405135,-5.092467,2.3582888,2017-04-26,17:21:57.224
1024,0,17:21:41.312,JDDoor11,12.08593,-2.111686,1.0869676,2017-04-26,17:21:57.275
1025,0,17:21:41.312,JDDoor11,9.801862,-1.7956513,1.5825673,2017-04-26,17:21:57.338
1026,0,17:21:41.312,JDDoor11,8.865729,-2.3247697,2.1140802,2017-04-26,17:21:57.386
1027,0,17:21:41.312,JDDoor11,8.48984,-2.3104045,2.657564,2017-04-26,17:21:57.435
1028,0,17:21:41.312,JDDoor11,7.539341,-0.56982,1.946486,2017-04-26,17:21:57.5
1029,0,17:21:41.312,JDDoor11,6.7708025,-0.1604115,1.7764976,2017-04-26,17:21:57.546
1030,0,17:21:41.312,JDDoor11,9.016563,-1.3000516,2.2697031,2017-04-26,17:21:57.61
1031,0,17:21:41.312,JDDoor11,12.607866,-2.3319526,2.1404164,2017-04-26,17:21:57.665
1032,0,17:21:41.312,JDDoor11,11.106702,-3.3446999,3.1292217,2017-04-26,17:21:57.73
1033,0,17:21:41.312,JDDoor11,13.464991,-5.1355624,3.1364043,2017-04-26,17:21:57.775
1034,0,17:21:41.312,JDDoor11,9.904813,-1.8890251,3.1148565,2017-04-26,17:21:57.839
1035,0,17:21:41.312,JDDoor11,9.193734,-3.5889084,2.7820623,2017-04-26,17:21:57.889
1036,0,17:21:41.312,JDDoor11,8.331821,-3.478775,2.4947581,2017-04-26,17:21:57.954
1037,0,17:21:41.312,JDDoor11,7.9607205,-4.343082,2.9257145,2017-04-26,17:21:58.031
1038,0,17:21:41.312,JDDoor11,8.178593,-6.88333,3.2872388,2017-04-26,17:21:58.151
1039,0,17:21:41.312,JDDoor11,10.479421,-5.109226,3.0789435,2017-04-26,17:21:58.18
1040,0,17:21:41.312,JDDoor11,12.054806,-5.559336,3.0933087,2017-04-26,17:21:58.241
1041,0,17:21:41.312,JDDoor11,8.566454,-4.307169,3.4739866,2017-04-26,17:21:58.279
1042,0,17:21:41.312,JDDoor11,11.549629,-4.1156325,2.5378537,2017-04-26,17:21:58.329
1043,0,17:21:41.312,JDDoor11,11.712435,-3.2489316,1.3814543,2017-04-26,17:21:58.379
1044,0,17:21:41.312,JDDoor11,10.362105,-2.755726,1.0630256,2017-04-26,17:21:58.443
1045,0,17:21:41.312,JDDoor11,9.196129,-2.4301147,1.0845734,2017-04-26,17:21:58.521
1046,0,17:21:41.312,JDDoor11,8.415619,-1.8483237,1.0989386,2017-04-26,17:21:58.593
1047,0,17:21:41.312,JDDoor11,8.271967,-1.4101849,0.9935937,2017-04-26,17:21:58.634
1048,0,17:21:41.312,JDDoor11,7.6015906,-1.0606314,1.4748282,2017-04-26,17:21:58.701
1049,0,17:21:41.312,JDDoor11,11.990162,-2.2744915,1.9393034,2017-04-26,17:21:58.749
1050,0,17:21:41.312,JDDoor11,9.414001,-2.5833437,2.7102363,2017-04-26,17:21:58.816
1051,0,17:21:41.312,JDDoor11,11.765107,-3.8594532,4.173094,2017-04-26,17:21:58.865
1052,0,17:21:41.312,JDDoor11,11.851298,-3.8187518,3.3087866,2017-04-26,17:21:58.923
1053,0,17:21:41.312,JDDoor11,9.682152,-2.837129,3.3183637,2017-04-26,17:21:58.977
1055,0,17:21:41.312,JDDoor11,8.714894,-3.0813377,2.9161377,2017-04-26,17:21:59.039
1054,0,17:21:41.312,JDDoor11,8.480263,-4.050989,3.2489316,2017-04-26,17:21:59.103
1056,0,17:21:41.312,JDDoor11,8.042124,-4.441244,2.707842,2017-04-26,17:21:59.154
1057,0,17:21:41.312,JDDoor11,9.059659,-6.0477533,3.016694,2017-04-26,17:21:59.215
1058,0,17:21:41.312,JDDoor11,13.15135,-7.3549876,2.9041667,2017-04-26,17:21:59.27
1059,0,17:21:41.312,JDDoor11,11.346122,-5.00867,1.9129672,2017-04-26,17:21:59.392
1060,0,17:21:41.312,JDDoor11,7.5201874,-4.8985367,3.5098996,2017-04-26,17:21:59.487
1061,0,17:21:41.312,JDDoor11,12.471396,-4.5322237,2.099715,2017-04-26,17:21:59.577
1062,0,17:21:41.312,JDDoor11,12.368446,-2.4372973,1.0893618,2017-04-26,17:21:59.625
1063,0,17:21:41.312,JDDoor11,8.956709,-1.7717092,1.3790601,2017-04-26,17:21:59.674
1064,0,17:21:41.312,JDDoor11,7.615956,-2.0278888,1.7310078,2017-04-26,17:21:59.688
1065,0,17:21:41.312,JDDoor11,8.058883,-1.2593501,1.2330139,2017-04-26,17:21:59.748
1066,0,17:21:41.312,JDDoor11,8.738836,-1.0821792,1.2210429,2017-04-26,17:21:59.788
1068,0,17:21:41.312,JDDoor11,12.907142,-1.3479356,0.8475474,2017-04-26,17:21:59.84
1067,0,17:21:41.312,JDDoor11,10.972627,-3.122039,2.7389667,2017-04-26,17:21:59.888
1069,0,17:21:41.312,JDDoor11,10.493786,-3.383007,4.173094,2017-04-26,17:21:59.938
1070,0,17:21:41.312,JDDoor11,12.808979,-2.870648,3.383007,2017-04-26,17:22:00.015
1071,0,17:21:41.312,JDDoor11,9.753978,-2.243367,3.572149,2017-04-26,17:22:00.09
1076,0,17:21:41.312,JDDoor11,8.793902,-3.2154129,3.5984852,2017-04-26,17:22:00.123
1072,0,17:21:41.312,JDDoor11,8.422802,-4.548983,3.5314474,2017-04-26,17:22:00.183
1073,0,17:21:41.312,JDDoor11,7.73806,-4.7668557,3.608062,2017-04-26,17:22:00.222
1074,0,17:21:41.312,JDDoor11,8.825027,-5.530606,3.7565024,2017-04-26,17:22:00.272
1075,0,17:21:41.312,JDDoor11,11.152191,-5.032612,3.3782187,2017-04-26,17:22:00.324
1077,0,17:21:41.312,JDDoor11,12.969391,-5.109226,3.311181,2017-04-26,17:22:00.385
1079,0,17:21:41.312,JDDoor11,7.9367785,-4.050989,3.6152446,2017-04-26,17:22:00.436
1078,0,17:21:41.312,JDDoor11,11.456255,-3.857059,2.755726,2017-04-26,17:22:00.499
1080,0,17:21:41.312,JDDoor11,11.662156,-2.4133554,1.1563994,2017-04-26,17:22:00.55
1081,0,17:21:41.312,JDDoor11,10.172963,-1.7621324,1.2354081,2017-04-26,17:22:00.685
1082,0,17:21:41.312,JDDoor11,8.595184,-1.3551182,1.3503298,2017-04-26,17:22:00.723
1083,0,17:21:41.312,JDDoor11,7.9511437,-1.3072342,1.7190368,2017-04-26,17:22:00.781
1084,0,17:21:41.312,JDDoor11,7.7452426,-1.0654198,1.7717092,2017-04-26,17:22:00.832
1085,0,17:21:41.312,JDDoor11,8.930372,-0.5434838,1.661576,2017-04-26,17:22:00.868
1086,0,17:21:41.312,JDDoor11,10.0748005,-1.091756,1.7501614,2017-04-26,17:22:00.926
1087,0,17:21:41.312,JDDoor11,13.385982,-2.7341783,1.6376339,2017-04-26,17:22:00.965
1088,0,17:21:41.312,JDDoor11,10.3932295,-3.787627,3.1531637,2017-04-26,17:22:01.014
1089,0,17:21:41.312,JDDoor11,12.698846,-3.5553896,3.6774938,2017-04-26,17:22:01.066
1090,0,17:21:41.312,JDDoor11,9.200917,-1.6998832,2.4899697,2017-04-26,17:22:01.128
1091,0,17:21:41.312,JDDoor11,7.9463553,-2.4875755,2.9017725,2017-04-26,17:22:01.177
1092,0,17:21:41.312,JDDoor11,8.018182,-3.5122938,2.942474,2017-04-26,17:22:01.239
1093,0,17:21:41.312,JDDoor11,7.869741,-3.952827,3.1244333,2017-04-26,17:22:01.289
1094,0,17:21:41.312,JDDoor11,7.771579,-4.144363,3.4284968,2017-04-26,17:22:01.348
1095,0,17:21:41.312,JDDoor11,10.371682,-4.402937,3.1292217,2017-04-26,17:22:01.399
1096,0,17:21:41.312,JDDoor11,13.5775175,-4.4795513,3.2920272,2017-04-26,17:22:01.469
1097,0,17:21:41.312,JDDoor11,9.004593,-3.9480386,3.6128504,2017-04-26,17:22:01.517
1098,0,17:21:41.312,JDDoor11,12.615048,-3.526659,2.8802247,2017-04-26,17:22:01.578
1099,0,17:21:41.312,JDDoor11,12.394782,-2.396596,1.6472107,2017-04-26,17:22:01.643
1100,0,17:21:41.312,JDDoor11,9.466674,-1.5849615,1.283292,2017-04-26,17:22:01.709
1101,0,17:21:41.312,JDDoor11,7.7069354,-1.1851299,1.0462662,2017-04-26,17:22:01.767
1102,0,17:21:41.312,JDDoor11,7.575254,-1.1420342,1.0989386,2017-04-26,17:22:01.83
1103,0,17:21:41.312,JDDoor11,8.652645,-0.80445176,0.8571242,2017-04-26,17:22:01.905
1104,0,17:21:41.312,JDDoor11,9.813833,-1.3790601,0.90500826,2017-04-26,17:22:01.955
1105,0,17:21:41.312,JDDoor11,13.170504,-1.9129672,1.0534488,2017-04-26,17:22:02
1106,0,17:21:41.312,JDDoor11,10.603919,-3.0669725,2.719813,2017-04-26,17:22:02.051
1107,0,17:21:41.312,JDDoor11,10.730812,-3.4237084,4.369418,2017-04-26,17:22:02.116
1108,0,17:21:41.312,JDDoor11,12.454638,-2.7365725,3.3494883,2017-04-26,17:22:02.165
1109,0,17:21:41.312,JDDoor11,9.179369,-2.1212628,3.6535518,2017-04-26,17:22:02.229
1110,0,17:21:41.312,JDDoor11,7.4268136,-3.2393548,3.3734303,2017-04-26,17:22:02.279
1111,0,17:21:41.312,JDDoor11,8.008605,-4.537012,3.6367924,2017-04-26,17:22:02.345
1112,0,17:21:41.312,JDDoor11,7.8170686,-4.5178585,3.8977604,2017-04-26,17:22:02.398
1113,0,17:21:41.312,JDDoor11,8.793902,-4.378995,4.06296,2017-04-26,17:22:02.478
1114,0,17:21:41.312,JDDoor11,10.953473,-3.9504328,3.3063924,2017-04-26,17:22:02.526
1115,0,17:21:41.312,JDDoor11,14.209587,-4.3239284,3.5122938,2017-04-26,17:22:02.577
1116,0,17:21:41.312,JDDoor11,9.150639,-3.6655228,3.4955344,2017-04-26,17:22:02.626
1117,0,17:21:41.312,JDDoor11,12.3516865,-4.0677485,3.0933087,2017-04-26,17:22:02.675
1118,0,17:21:41.312,JDDoor11,12.682086,-2.4372973,0.89064306,2017-04-26,17:22:02.801
1119,0,17:21:41.312,JDDoor11,10.005369,-1.30484,1.0534488,2017-04-26,17:22:02.87
1121,0,17:21:41.312,JDDoor11,7.410054,-1.0055647,0.90740246,2017-04-26,17:22:02.969
1120,0,17:21:41.312,JDDoor11,6.83784,-1.1180922,1.292869,2017-04-26,17:22:03.08
1122,0,17:21:41.312,JDDoor11,7.252037,-1.151611,1.472434,2017-04-26,17:22:03.171
1123,0,17:21:41.312,JDDoor11,8.429984,-1.0486604,1.7741034,2017-04-26,17:22:03.211
1124,0,17:21:41.312,JDDoor11,9.074024,-1.6927006,2.4372973,2017-04-26,17:22:03.233
1125,0,17:21:41.312,JDDoor11,14.288596,-2.5833437,2.348712,2017-04-26,17:22:03.281
1126,0,17:21:41.312,JDDoor11,11.125855,-3.6631286,4.010288,2017-04-26,17:22:03.294
1128,0,17:21:41.312,JDDoor11,12.5504055,-3.1364043,3.5984852,2017-04-26,17:22:03.338
1127,0,17:21:41.312,JDDoor11,9.892841,-2.3080103,2.9783869,2017-04-26,17:22:03.372
1129,0,17:21:41.312,JDDoor11,7.505822,-3.1866825,2.3175871,2017-04-26,17:22:03.402
1130,0,17:21:41.312,JDDoor11,7.144298,-4.0318356,1.8794483,2017-04-26,17:22:03.462
1131,0,17:21:41.312,JDDoor11,7.041347,-4.5537715,2.0805612,2017-04-26,17:22:03.505
1134,0,17:21:41.312,JDDoor11,7.608773,-5.2002063,2.755726,2017-04-26,17:22:03.554
1132,0,17:21:41.312,JDDoor11,11.118672,-6.7492547,2.3654714,2017-04-26,17:22:03.603
1133,0,17:21:41.312,JDDoor11,13.417107,-4.24492,3.2920272,2017-04-26,17:22:03.666
1135,0,17:21:41.312,JDDoor11,8.063671,-4.1276035,3.9145198,2017-04-26,17:22:03.715
1136,0,17:21:41.312,JDDoor11,10.960655,-4.2664676,3.3039982,2017-04-26,17:22:03.781
1137,0,17:21:41.312,JDDoor11,12.94066,-3.1411927,1.6256629,2017-04-26,17:22:03.831
1138,0,17:21:41.312,JDDoor11,10.776301,-1.8076223,1.3982137,2017-04-26,17:22:03.894
1139,0,17:21:41.312,JDDoor11,8.992621,-1.673547,1.1755531,2017-04-26,17:22:03.943